GRAND_ID,intercept,poly1,poly2,adj.r.squared,max_stor_rel
41,29.925899156971763,0.007306307700095585,0,0.7375771718786632,NA
42,-14.348807711208243,0.15948049589282173,0,0.9902191642276668,NA
55,4.527653310988609,0.03020829122591829,-1.7753872193523806e-5,0.8898324739564081,NA
57,12.243292463191787,0.01844257100079911,-2.8111703124234307e-6,0.9850224943364816,NA
63,4.94630622016853,0.031910430468077816,-5.169069260017161e-5,0.9010253464064525,NA
80,7.145867435623118,0.012284698799821945,-4.588969232865096e-6,0.5414831822197143,NA
88,0.8843961622255151,0.04412214097024656,-2.5609438645184227e-4,0.4353731045203849,86.09777277425809
89,0.8455012934319224,0.031780689541138635,-8.281565818735644e-5,0.9286081475894421,191.7517422474158
90,15.61404475032774,0.22432297589452482,-9.677330315071529e-4,0.5940099452840683,115.86537912637547
92,3.3506569588435635,0.03306175452481414,-1.325714985088613e-4,0.7432951247394217,124.65071322107366
97,3.1465237508727837,0.049604739650106186,-2.552620360779962e-4,0.6930614253872871,NA
100,2.2550786569874304,0.03413913825366901,-4.181841372814365e-5,0.837902986515065,408.1408251083695
116,0.7491032114782527,0.06168979978550157,-4.269340930934995e-4,0.906036813207069,72.20346178726243
131,10.476436468873299,0.02576480806937289,-3.0360832354390497e-6,0.8924413954048145,NA
132,17.40092895764207,0.02591199092854475,-1.8853110697511903e-6,0.9319115764412266,NA
133,5.747374930778096,0.01954765072214958,0,0.34163765082156594,NA
148,11.721735162417692,0.014133488487879186,-1.0680046303804377e-6,0.877743665165102,NA
182,9.259333225302116,0.049340535478258944,-1.9987809244104575e-5,0.9134777997748804,NA
192,0.9621293769166952,0.02697458655893258,-1.1984382687400358e-4,0.9782048644006475,112.50944828276093
198,5.0435881804168625,0.022138023024328594,-3.1461136601114257e-6,0.9761261287487257,NA
210,7.873378020549663,0.018647973538373,-1.148764188462825e-6,0.9534315153598495,NA
293,5.238158599908436,0.13259727914236902,-4.359797719032624e-4,0.9138960800264773,NA
300,-23.808711252390086,0.1279382443878116,-3.9271461572274506e-5,0.805838861060691,NA
305,352.2306132961067,0.007488025185900112,0,0.35247378796306017,NA
307,53.762394156507604,0.0636304445069421,-1.1118983839021139e-6,0.9675463646127589,NA
310,238.70529191344116,0.007216156555434394,0,0.712184529931552,NA
319,1.1671592657126328,0.06584118639677354,-3.058554592435448e-4,0.9533728464585574,107.58299766588863
355,4.615298157797037,0.009390081899092717,-2.248506418065269e-6,0.9528449617681028,NA
362,3.4346349963177563,0.13239293623028223,-2.538287129148324e-4,0.9740061328951534,NA
364,29.726325478151537,0.042485853258297915,0,0.7539891843181664,NA
368,1.5232333563752485,0.38268496748474007,-0.0023358198601782228,0.8823935344739866,81.88721240413471
373,18.619375611525317,0.019528127671247123,-3.806735507441488e-6,0.9132297837356367,NA
374,4.770262170778902,0.21056484813008394,-3.796261484477553e-4,0.8661400197825172,NA
384,84.60348105326679,0.030372375100624533,-6.7517996802953655e-6,0.8436679618589245,NA
386,26.016179584579206,0.032253003584870196,-8.857067611568464e-6,0.9406126606078178,NA
387,1.6273248946635956,0.04313368751662409,-5.490800885809093e-5,0.9106341004529406,NA
391,5.226611984428864,0.016393714414871308,-1.842642691709268e-5,0.919247653723221,NA
393,11.994884086278487,0.08200749467506777,-1.2742914709780704e-5,0.9181542976155063,NA
396,26.5833694060358,0.028648033951550786,-3.351364897890066e-6,0.8283540196426702,NA
398,6.2097085455833865,0.05080873329238517,-9.543657093168379e-5,0.96952559757212,NA
405,-4411.84447622105,28.52733694797958,-0.04582910818637494,0.35654487811935853,NA
411,64.2859461340744,0.12175984844793195,-2.5142103252301604e-5,0.9559898551554837,NA
413,27.865270701359375,0.0876918289081981,-3.789449674369909e-4,0.762819559455961,115.67369503167723
416,6.784926949903157,0.09780349178283008,-2.8487527745715998e-5,0.9534521211477581,NA
421,9.453152223727832,0.08131536742412858,-2.5597488844940028e-5,0.8927701542572241,NA
423,4.915361120740573,0.11958256832481588,-1.399194083010032e-4,0.7624479744140409,NA
438,3.566398553369642,0.0863546111945842,-2.3984865957950882e-4,0.9492496558861048,NA
451,63.93384624663271,0.01584497591973783,0,0.8711195788527221,NA
477,3.498307766067729,0.03589854383031515,-7.3999577586395155e-06,0.9733960385390489,NA
488,1.5987142755858856,0.06514843374542546,-5.6886173970065544e-5,0.9833746989528481,NA
492,10.137871476939177,0.04256314310001889,-2.457011720083017e-5,0.8329187028435003,NA
493,22.62630124211349,0.05361644519494605,-1.838154121341441e-5,0.8611115689931762,NA
497,1.5827848020714053,0.03835765562561204,0,0.8627812763044492,NA
502,0.24773385430552725,0.07138121596032596,-1.4706767603739948e-4,0.876417738073776,NA
509,4.634246734725568,0.025429432297146237,0,0.7834126938939784,NA
511,2.368269072207013,0.10193595835194784,0,0.864722929604437,NA
517,1.1833783254619885,0.021100407829426293,0,0.39350667394282446,NA
519,2.639439779679952,0.05082841608696898,-1.6075244058210445e-4,0.711224386712275,158.0614114871624
522,0.9949035974816263,0.02206891019938612,0,0.964344578840974,NA
529,4.264221891334696,0.3828573422592611,-0.009011288740292568,0.800344773128185,21.235867289096365
530,0.9410425910150031,0.21242310713835236,-0.0014680205437326373,0.900421559866629,NA
536,2.63085986633042,0.043760373095210706,0,0.912460844653562,NA
541,12.858359830349123,0.03228451988968044,-1.1630595353724284e-5,0.8910237122687082,NA
554,3.658774845739494,0.01599528136584173,-1.967615266596731e-5,0.9532017265987991,NA
567,-1.0011939743191005,0.06063933790563429,-5.404887057263341e-5,0.9761169956865703,NA
575,2.184818208855671,0.1259690264313726,-5.121537951949454e-4,0.9514775137107803,122.93115473491166
597,11.96871956388458,0.006984376375207722,-6.274010656505996e-8,0.9886710020911074,NA
601,6.382590907096267,0.031316636791031124,-2.826077981270331e-6,0.9745078386473462,NA
604,2.6104021050354533,0.07103296215713961,-1.1885827129364363e-4,0.9267356592573864,NA
610,98.14284557676552,0.021369049243690073,-1.8173970046148465e-7,0.9899580901015858,NA
613,-13.428127432621103,0.4437629757368297,-0.002440863226880937,0.7210557780604153,90.89281665555177
616,59.48649351663956,0.02032740018306497,0,0.5127355989570512,NA
625,0.8021362062290887,0.06715106360847009,-3.4158942490558825e-4,0.9363009081510464,98.27291005335113
629,-53.90956813363467,0.2709771517125859,-1.4907200269977284e-4,0.29553606172925606,NA
657,18.458450758103055,0.06906353147679327,-1.0662765027848077e-5,0.9945429329008364,NA
753,187.02646072047284,0.07220783565894479,-1.183098116001479e-6,0.8883852531078469,NA
767,409.15103861080274,-0.009018376061319448,0,-0.004131736746616044,NA
768,2.2271377529642926,-9.622978323197337e-4,0,-0.02694532049777365,NA
774,12.758140312340785,0.28385719118543984,-0.0026067907602348615,0.5902469875549956,54.43395231743915
798,-1.2105278867001807,0.24753563901047948,-9.803262644713633e-4,0.9114386029685967,NA
837,1.5290950363872775,0.16785221698511923,-3.183518437575919e-4,0.8891931427144871,NA
868,0.38600037126574616,0.2472391580101785,-5.130374514567083e-4,0.9548345367063605,NA
870,-140.64525926896965,0.09308659999531464,-1.51523942207797e-6,0.9540130002463487,NA
872,1.0428908935428942,0.23635795919041702,-5.927925735138858e-4,0.9603675584349514,199.317096948983
882,0.573849187610686,0.04714509340806615,-1.5480892598261942e-4,0.9866017953774677,NA
884,-647.3202520041104,0.857475803351583,-2.0797682230483985e-4,-0.002107657863237078,2061.4157559186397
893,1.7413716626531193,0.1545757816849504,-3.70653206976086e-4,0.9757107089525471,NA
895,-43.767185472234125,0.4799815417253541,-4.218043733862045e-4,0.4961032215976132,NA
898,9.004298562845449,0.08627407347674856,-5.241778235998068e-5,0.9113615350823028,NA
924,12.677807208650693,0.15692311786567653,-1.478409410730072e-4,0.7849768504614931,530.5382951293285
938,1.3128405615782104,0.16445450591944347,-0.0011785788445472052,0.9547878592682898,NA
939,1.3252806530815848,0.15116319789792532,-0.0011254783112007785,0.970325087436053,NA
948,7.826293846143661,0.18552896113637327,-1.955754544969047e-4,0.9603794082004796,NA
953,0.38107263639365907,0.26530715392547194,-0.002330603375574017,0.9676003789519428,NA
955,2.638423910212974,0.15356160054943263,-9.89273805720119e-5,0.9203938544689044,NA
956,1.3781554718742641,0.2536449754553575,-9.381848859766447e-4,0.9295763380847272,135.1058544181393
957,1.6391029088788145,0.11709295789133056,0,0.8372647872002847,NA
961,0.526110189042139,0.15882527208983954,-8.583610508867842e-5,0.6419920986883398,924.8954427475826
962,22.760870705399334,0.07126547181480664,-6.148621359375542e-5,0.9130240632771058,579.3219257752556
963,3.7563315650509472,0.16327999130209153,-6.905143941423002e-4,0.8957199876597088,118.18527442480828
964,-2.4599432236029752,0.2208328137352915,-3.4849715486967125e-4,0.530777993323974,NA
965,23.021527919492588,0.07743367432010521,-5.146590001266108e-5,0.5128916922093556,751.9705900633481
967,17.903114902004695,0.12206943158862366,-1.4417481628436506e-4,0.7682907236825456,423.2375825608534
968,-3.0544824214016173,0.19594808651800016,-1.3046632270308589e-4,0.6667804658052745,750.7499334111367
972,-1.7633416275751361,0.1929904321239232,-2.350186931365745e-4,0.9266006503728785,410.4852357619195
975,10.779562337073173,0.1717084244965678,-3.712809835455653e-4,0.9337458064267707,231.16532575858594
976,2.1557624357051295,0.14939467043088456,-2.2168057525601782e-4,0.9479653183578787,NA
979,-8.418866117324182,0.4397241813948106,-0.0017099441033357596,0.9384316959123219,128.54453372790925
980,3.966984604578222,0.18680951084229594,-7.09376727536979e-4,0.8569497124061451,131.6416854784928
981,6.223652951158219,0.11961504234092601,-3.591526404743301e-4,0.8958101622941966,NA
982,-7.949364122764426,0.2788130125634192,-5.419311444916805e-4,0.886768181298012,257.17637815938645
983,6.524485719316494,0.23777565513700236,-5.154606139874409e-4,0.8517526383798064,NA
987,3.904392459268473,0.05471151017919458,-4.4771957011606845e-5,0.9841506513768652,NA
989,46.26870336367668,0.12386838822859045,-2.1447333039182166e-5,0.5132790608097861,2886.3633799266386
991,28.521519432582608,0.057333002029647,-7.4179681731612e-5,0.6424841191451854,386.3115594864951
998,6.9850997975921905,0.15306288842265714,-1.469569874711423e-4,0.942001629728619,NA
1000,13.581349789046154,0.059296890203202335,-3.71654796186421e-5,0.21462404457947548,NA
1001,1.9733733230978814,0.200241162637222,-2.7331467748908136e-4,0.8276938003609727,NA
1003,6.026569503609404,0.12495253881400353,-6.804144774924071e-4,0.6989397868725071,91.77658159386456
1006,21.510776989846867,0.09707186553211546,-2.8680774076872662e-5,0.5502471873675084,NA
1007,6.618552780907428,0.07082662149154555,-2.529890399213921e-4,0.7392023784660482,139.89913406135366
1016,0.34383325783153673,0.1263383279942793,-8.842328820501199e-4,0.8006757308529824,71.41937587529176
1017,5.654107165835899,0.03396244751817987,-5.8261160235663825e-5,0.40640756905075204,291.3968944648215
1020,4.879492610367656,0.3042373084028087,-0.001468819732039286,0.6867341420883176,103.51296747249074
1021,20.126617904741817,0.46017008394376485,-0.0015490805737945657,0.5136749285024499,NA
1023,15.278718620403048,0.12658281721723957,-7.4194898069743207e-05,0.6781778634032627,852.8239807435812
1026,41.11298540503238,0.03491426345246998,-2.4392734100884747e-6,0.41904847596263617,NA
1027,5.394419478723451,0.08483424357894216,0,0.565213101918592,NA
1028,-0.013563983513809597,0.19284258004946092,-0.0014513114751153592,0.9543095423288992,NA
1032,21.70242943308529,0.20866578608037814,-1.0856241322104603e-4,0.6024845015238308,960.6305150050009
1033,32.72222256283502,0.025071962207678523,-2.305492857360978e-6,0.47385969009398343,NA
1036,54.63991036384602,0.03688884291233317,-2.4797625977331156e-6,0.5929209657685701,NA
1042,-21.19026560345583,0.09962263422946767,-2.3519255469538275e-5,0.48576840527171405,2117.402873957986
1048,15.188138540925026,0.13524779660318842,-6.288302229027608e-5,0.7502096638631893,1074.8730729576494
1050,7.158635479783444,0.3056375943417979,-0.001108155210450999,0.9259224058304794,137.87936333777918
1053,37.50945069839332,0.08853786814233404,-4.793573420365845e-5,0.2808921156651293,923.31676522174
1060,-4.68229620684928,0.09545005484579543,-3.822098636908752e-5,0.6144836415248156,NA
1067,28.26129561113479,0.05538786833823139,-7.705824087426423e-6,0.4798632962234419,NA
1077,14.849911480470524,0.20370588858857502,-2.8605086285601604e-5,0.6525348541629628,3560.0760398966313
1078,132.44689604571113,-0.07275619319889252,0,-8.19446482664965e-4,NA
1084,9.230054397927086,0.06049083708525888,-1.3583035059283496e-4,0.47203621357181413,222.5813961820607
1086,0.790338144307979,0.18236780398274943,-6.674704703820901e-4,0.9580411383725613,NA
1092,6.248361210142815,0.06430331827053132,-1.2338373077162206e-4,0.5299278780482807,260.42079579859944
1093,17.051268769596867,0.0901325397438327,-1.435207999994639e-4,0.4551510768687228,313.81494314771527
1101,25.945116428834133,0.09350082769142717,-9.146639880948836e-5,0.5899234613915785,510.8748456152051
1112,62.0299280169059,0.02978275886972852,0,0.4672422946218283,NA
1120,2.328483069573067,0.23726425358016104,-3.47120262901398e-4,0.9829618851204092,NA
1121,12.83423765813691,0.04102467026673929,0,0.7448601465274423,NA
1122,-1.7970169614875207,0.1957878688629871,-0.0011783646555855584,0.7117064244347046,83.04904921640544
1123,-9.776324574944828,0.08518675563335847,-2.7019300720192187e-5,0.46620081875902186,NA
1124,0.198013560715102,0.14249594155124912,-4.6616635147398653e-4,0.4893322712993161,NA
1125,0.052709696699445203,0.030797832072768032,0,0.6841212168748396,NA
1134,5.405919410828035,0.13981831510933262,-2.1750912775420392e-4,0.9168778723345817,NA
1139,6.405949794290802,0.28471155032946144,-4.601445794580671e-4,0.9797591691787236,309.3030653551184
1144,49.54228052374903,0.20748001274552338,-2.1893096324483624e-4,0.2562571572621417,473.6958503501157
1151,18.260689196304313,0.11103073634293655,-4.632832811455688e-5,0.8737152217102542,1198.0968883627875
1164,43.29866463404914,0.07161000313912036,-3.120821982243693e-5,0.8124445968346674,NA
1170,31.123507967047537,0.13357912066358277,-9.51279650528239e-5,0.9192211587686936,701.8775583361114
1181,2.035476675606419,0.22204515090889812,-8.652486386574107e-5,0.8887435075777873,NA
1192,-10.698974945006025,0.5170325283439382,-8.913477873987814e-4,0.4802082060081817,289.96656895631685
1194,4.305629758375264,0.13370155630920874,-4.37630747010853e-4,0.9496923703452034,152.70225131710535
1197,2.2781967866857626,0.170922279655232,-3.0953604763431865e-4,0.6830246936987825,NA
1220,2.9139393852846176,0.25694262352528197,-0.0015475028693324908,0.9837907988958537,83.0072615871957
1237,7.507962094884114,0.23950392078501906,-0.0010855523228044445,0.8997594777780313,110.2840538179392
1243,3.414883269287497,0.15672877580210326,-3.5893541503020086e-4,0.9775906547072527,218.26944651550505
1247,19.717400748705458,0.13394363663731512,-6.532644478960054e-5,0.7949602410008747,1024.9611168222718
1266,22.855640980117204,0.10140522967242363,-2.7264722902759042e-5,0.8130479956609707,NA
1269,-19.173901403610714,0.2112471324635193,-1.7803807017803958e-5,0.7242929690035557,NA
1273,10.943798621225941,0.0955026724232847,-5.775502470585982e-5,0.8879463698472205,826.409309686562
1280,12.024524130452534,0.11225499412973765,-4.105792703094062e-5,0.971429613146678,NA
1285,7.614774309898108,0.15953410218679628,-4.2638401109402525e-4,0.5985672404323499,187.0442016672224
1286,1.1925139464711836,0.0959878317937279,-6.405999111972369e-4,0.9422716018676226,74.89243006001996
1291,0.2636857790541069,0.11567227925636106,0,0.04539971577872903,NA
1294,10.765393728350979,0.048245333734488166,-9.36883300804866e-6,0.9637337467323434,NA
1302,-2.181547543692746,0.10522773382147134,-7.26567901829149e-5,0.8664388478551924,NA
1315,-0.9984737545418476,0.2642819745590815,0,0.786386850475408,NA
1317,7.0340981715824125,0.41419642843755133,-7.177998408107933e-4,0.8844322732728709,288.3910743581194
1586,1.1418368791985503,0.1374347009436026,-0.002464801460473752,0.8225684859996212,27.85137712570846
1587,4.291229318648815,0.10166994130071381,-4.481872378382073e-4,0.37657412433773585,113.3805250083361
1592,-2.27823213626261,0.30310143511156123,-0.001673305351935078,0.6709461977536624,90.51442684228056
1600,-16.092960381274395,2.199085480991939,-0.0640200910350468,-0.09551818299076986,17.17001718906301
1631,1.627845403401917,0.16565127970251037,-0.0016326233141846715,0.21671332457267034,50.71195848616204
1636,-1.0456726231052713,0.5573952645851313,-0.005686939853623372,-0.039666586730064735,48.99641140380109
1645,3.8398126715822256,0.05976380717614131,-2.701421846922876e-4,0.24235838398306409,110.58331863954645
1654,0.28908960872885636,0.1548089575098291,-8.497128831692844e-4,0.7669416034283124,91.03153366122021
1655,5.472584051857351,0.0379750780834536,0,0.039428776776818886,NA
1659,13.226232472136042,0.14983988617619448,-1.6984505947477348e-4,0.48746456027543594,441.0106612204068
1683,2.463789099975645,0.04454729266833449,0,0.09447136940461975,NA
1699,-0.3188657778623123,0.22417007060209115,-0.002502926461421483,0.7160392801857599,44.762998029898846
1703,5.783373229531915,0.16089483643165467,-2.0739409215241953e-4,0.43487823391165137,NA
1707,-9.68280697390971,0.9145240004668453,-0.01683050529893406,0.6590275957348616,27.162367122374125
1709,-3.219574865503374,0.12665769113591002,-3.817080439463036e-4,0.30370615875691376,165.86065385128376
1712,-3.4227913788563593,1.0365750038722865,-0.03767624032471127,0.7341777783467844,13.750060303434479
1714,26.274964943303992,0.0016983661306102654,0,-0.014634105550301202,NA
1718,-6.2444821654686935,0.22738419816981356,-6.904898120128215e-4,0.12732644688542671,164.62793811270348
1726,-0.22903857274701805,0.6776677269262871,-0.028239724422478962,0.7878390549815262,11.990813065466266
1733,-17.265754437826292,1.0810772503757056,-0.015404506153427255,0.7252978749412202,35.08119164721573
1735,-0.43790679309096464,0.1879537632826224,-0.003281634573620847,0.15136591738436267,28.62178659553184
1739,-2.1017797757880703,0.3741541831991426,-0.007278079455006206,0.3911071897982348,25.687992930976954
1740,6.139018586809685,0.10709642188167147,-2.1827591268192128e-4,0.3214763249487247,245.21299373124253
1741,24.336103018403573,0.017132678066989593,0,0.05486673298727707,NA
1742,-8.535974211639044,0.41463302463347357,-0.003597437327132577,0.6744802344401861,57.610625958652875
1752,194.2497940177582,-0.015253375285353298,0,0.024230593471914252,NA
1753,477.47093406973755,0.0010080182619789416,0,-0.004982722968571052,NA
1754,-5.393628883713557,0.04859663224104615,0,0.12092751687265624,NA
1755,21.73049339752858,0.0416445065164572,-2.4471181181051055e-5,0.59939261824356,NA
1756,79.36417622448577,0.030556411858629565,-2.782629326400108e-6,0.2771578984945642,5489.673121207065
1758,-217.98306946436574,2.37379753269074,-0.0062279218941703315,0.07712420968086253,190.5466435811937
1761,49.62192290415047,0.09809276338467772,-1.6671154227091405e-5,0.33734061485547684,NA
1762,-24.731721228589606,0.15101760162149308,-5.1477042865599384e-5,0.018436806335229705,1466.6261148382791
1763,6.6417109028928465,0.07792551821905111,-8.419105984531987e-5,0.08464117187277942,NA
1765,-25.38474627543878,0.8167118034005321,-0.004537554337943437,0.2494265048189459,89.96614031343779
1767,-190.92193257245853,1.3546823461883195,-0.0021597068166716764,0.059430186196631984,313.5784726908969
1768,24.468059700290173,0.06329691360236765,0,0.002212919981403494,NA
1770,16.829935815959956,0.14017455138118023,-6.228245794015749e-5,0.3307960519835149,1125.157564138046
1774,41.421230739594705,0.09096762338609153,-4.218226947851467e-5,0.8182131342935807,NA
1775,-2.543787548083477,0.19170663888224407,-1.6239537620906856e-4,0.42934454098699426,NA
1776,-3.0448532654603944,0.14616751079267865,0,-0.0024830669511017867,NA
1777,55.11170057656665,0.0030824921769163787,-4.0592393384766674e-7,0.044408706529873054,NA
1781,44.14200281224966,0.10452948908296832,-6.196498024133619e-5,0.8789827155646949,NA
1782,6.556682689135381,0.2773135632908797,-5.199805235934051e-4,0.6532402650896373,266.6158955818596
1783,-145.713491005871,6.072586541668481,-0.053778274489536086,0.38495726330035673,61.002
1788,-498.76584580433075,5.477681164710983,-0.012550588084383212,0.3450712293385543,218.19929526508835
1796,-3.3078531005903917,0.22903315327623505,-3.022910077773205e-4,0.522355569613808,378.7595047015671
1797,-522.2754794780774,2.2326570450716,-0.0019465635733911084,0.14661577567229256,573.4323079359787
1800,-20.902461554608603,1.1048969088271106,-0.009847937827416647,0.13446361739341461,56.08437342447482
1801,-1.5941444414540795,0.08843992693709349,-6.251534708102858e-5,0.3307150103604649,707.1337103534512
1818,5.058396858535366,0.08454253732033412,-1.7945086536921636e-4,0.18706021601360578,235.50121333777923
1822,-0.9048501449590293,0.6509922205616762,-9.462233517316555e-4,0.028160156544260073,343.93012217405806
1823,-132.28961481386443,6.190589525566527,-0.06915531258897183,0.1618243679013679,44.7554909303101
1824,-106.30323112545531,1.0030522033171405,-9.603654888040091e-4,0.048087637827825325,522.1876717572524
1828,10.50007338850531,0.0979442829089193,0,0.6298374578570696,NA
1829,-73.32819439171145,0.7280295043302086,0,0.12790575954013028,NA
1833,5.072677195050094,0.05417785556703428,-4.723000531067023e-6,0.8973298824596708,NA
1834,5.0556809999366115,0.05835127745784884,-4.73934530416681e-5,0.6202113183024369,NA
1835,-145.12961908454105,1.0160927543691258,-8.641132804771196e-4,0.10289104499588864,587.892904401467
1841,-12.080664478957981,0.04643030816432935,0,0.34457758913637393,NA
1843,7.148270554076167,0.15507058840239152,-2.3263884815518667e-4,0.7109214181695394,NA
1847,141.65295761285836,0.026337210503139908,0,-0.004049087313426902,NA
1848,63.735635026813625,0.09194070403098631,-3.100576442352768e-5,0.8250760761180652,1481.9724078026009
1851,-46.77654275606274,0.12681648458225409,-1.620427399002752e-5,0.6996447208264029,NA
1862,8.67073940189862,0.11185963588139906,-9.920782967048326e-5,0.5335924525295344,563.6642497499166
1863,73.41488952531343,0.027902673411561833,-2.4270171911376496e-6,0.6088101503204384,NA
1864,30.423667919371123,0.10860110395761273,-7.867689117368466e-5,0.815805068732044,689.9221707902627
1869,57.59724101083862,0.11961669419915023,-4.543243329611245e-5,0.7816982228709907,1315.812016672224
1879,162.9979218015383,0.09258115526216025,-3.576059404554335e-5,0.2127333143307074,1294.1489496498832
1883,53.67163863988448,0.8623688493748894,-0.016256052165948734,0.13250057042189267,26.502401000333432
1896,-19.484579262703978,0.24670664504210202,-1.4810972642552555e-4,0.5511924668281667,NA
1910,-90.64882099891221,0.34648845684177065,-1.360694948846693e-4,0.35221929896568105,NA
1916,-64.47834502426853,0.3257694408426426,0,0.2986893627279247,NA
